{
    "nao_suspeito": {
        "precision": 0.9398762157382847,
        "recall": 0.8785123966942149,
        "f1-score": 0.9081589064502349,
        "support": 1210.0
    },
    "suspeito": {
        "precision": 0.6048387096774194,
        "recall": 0.7679180887372014,
        "f1-score": 0.6766917293233082,
        "support": 293.0
    },
    "accuracy": 0.8569527611443779,
    "macro avg": {
        "precision": 0.772357462707852,
        "recall": 0.8232152427157081,
        "f1-score": 0.7924253178867715,
        "support": 1503.0
    },
    "weighted avg": {
        "precision": 0.8745628496199657,
        "recall": 0.8569527611443779,
        "f1-score": 0.8630358972032691,
        "support": 1503.0
    }
}